,label,id,fea_1,fea_2,fea_3,fea_4,fea_6,fea_7,fea_10,fea_11,less_1265,less_75000,between_3n4,not_0
0,0,58997607,0,1268.0,0,118000.0,0,2,330006,1.0,0.0,0.0,1.0,1.0
1,0,58985486,1,1298.0,2,149000.0,1,1,510069,222.5511177,0.0,0.0,0.0,1.0
2,0,58992134,1,1235.0,0,114000.0,1,2,450088,1.0,1.0,0.0,0.0,1.0
3,0,54988258,1,1320.5,0,119000.0,1,1,60043,212.1320344,0.0,0.0,0.0,1.0
4,0,59003950,0,1263.5,0,102000.0,0,0,60024,200.0,1.0,0.0,0.0,1.0
5,0,58999612,0,1220.0,2,140000.0,0,1,72010,1.0,1.0,0.0,0.0,1.0
6,0,59002170,0,1256.0,2,141000.0,0,1,60031,223.6067977,1.0,0.0,0.0,1.0
7,0,58994048,1,1239.5,2,99000.0,1,1,60027,1.0,1.0,0.0,0.0,1.0
8,0,58998405,0,1214.0,2,81000.0,0,1,60043,202.4845673,1.0,0.0,0.0,1.0
9,0,58985236,1,1265.0,2,135000.0,1,1,151300,231.721816,1.0,0.0,0.0,1.0
10,0,58984702,1,1310.0,2,325000.0,1,1,71000,1.0,0.0,0.0,0.0,1.0
11,0,58987035,1,1413.5,0,204000.0,1,0,350002,200.0,0.0,0.0,1.0,1.0
12,0,58991130,1,1340.0,2,341000.0,1,1,72001,1.0,0.0,0.0,0.0,1.0
13,0,58993767,1,1326.5,0,91000.0,1,0,450080,291.5475947,0.0,0.0,0.0,1.0
14,0,54982579,1,1338.5,2,325000.0,1,1,60033,316.22776600000003,0.0,0.0,0.0,1.0
15,0,59004373,0,1287.5,0,139000.0,0,1,60030,244.94897430000003,0.0,0.0,0.0,1.0
16,0,58988432,1,1289.0,0,139000.0,1,2,450033,214.4761059,0.0,0.0,0.0,1.0
17,0,58988044,1,1241.0,2,66000.0,1,0,350077,174.34448659999998,1.0,1.0,1.0,1.0
18,0,58988129,1,1187.0,2,102000.0,1,1,450081,197.4841766,1.0,0.0,0.0,1.0
19,0,54984524,1,1350.5,0,155000.0,1,0,60004,1.0,0.0,0.0,0.0,1.0
20,0,59000942,0,1268.0,2,149000.0,0,1,72001,173.20508080000002,0.0,0.0,0.0,1.0
21,0,58984757,1,1223.0,2,56000.0,1,1,151300,212.1320344,1.0,1.0,0.0,1.0
22,0,54991742,0,1245.5,2,50000.0,0,1,340017,300.0,1.0,1.0,1.0,1.0
23,0,59000851,0,1302.5,2,410000.0,0,0,60018,1.0,0.0,0.0,0.0,1.0
24,0,58990951,1,1379.0,2,144000.0,1,1,151008,200.0,0.0,0.0,0.0,1.0
25,0,58997104,1,1241.0,0,74000.0,1,1,72000,1.0,1.0,1.0,0.0,1.0
26,0,59004571,0,1241.0,0,115000.0,0,1,151300,221.3594362,1.0,0.0,0.0,1.0
27,0,54989125,0,1373.0,2,369000.0,0,2,330005,350.5923559,0.0,0.0,1.0,1.0
28,0,58994224,1,1274.0,0,328000.0,1,2,450000,244.94897430000003,0.0,0.0,0.0,1.0
29,0,54985977,1,1346.0,0,112000.0,1,1,60064,200.0,0.0,0.0,0.0,1.0
30,0,54987316,1,1257.5,2,107000.0,1,1,450071,200.0,1.0,0.0,0.0,1.0
31,0,58985578,1,1311.5,2,115000.0,1,0,60014,200.0,0.0,0.0,0.0,1.0
32,0,58998166,0,1355.0,2,177000.0,0,1,151101,1.0,0.0,0.0,0.0,1.0
33,0,59004284,0,1316.0,0,143000.0,0,1,60061,1.0,0.0,0.0,0.0,1.0
34,0,58990734,1,1278.5,0,88000.0,1,2,60001,1.0,0.0,0.0,0.0,1.0
35,0,54984727,1,1311.5,0,167000.0,1,1,60058,1.0,0.0,0.0,0.0,1.0
36,0,59001863,0,1223.0,2,77000.0,0,0,72000,1.0,1.0,0.0,0.0,1.0
37,0,58996507,1,1214.0,2,58000.0,1,0,60091,1.0,1.0,1.0,0.0,1.0
38,0,58994630,1,1226.0,2,61000.0,1,0,151300,1.0,1.0,1.0,0.0,1.0
39,0,59005405,0,1299.5,0,139000.0,0,2,72000,1.0,0.0,0.0,0.0,1.0
40,0,58992627,1,1305.5,0,50000.0,2,2,350061,226.1459706,0.0,1.0,1.0,1.0
41,0,54984435,1,1248.5,0,286000.0,1,2,450094,173.20508080000002,1.0,0.0,0.0,1.0
42,0,58997904,0,1277.0,2,135000.0,0,1,60091,1.0,0.0,0.0,0.0,1.0
43,0,58987511,1,1272.5,2,97000.0,1,0,72000,1.0,0.0,0.0,0.0,1.0
44,0,59002553,0,1298.0,2,101000.0,0,0,60052,212.1320344,0.0,0.0,0.0,1.0
45,0,59000887,0,1227.5,2,50000.0,0,1,60027,173.20508080000002,1.0,1.0,0.0,1.0
46,0,54988388,1,1335.5,0,71000.0,1,0,72000,168.0981856,0.0,1.0,0.0,1.0
47,0,54983470,1,1238.0,2,104000.0,1,2,450075,243.0370342,1.0,0.0,0.0,1.0
48,0,54992357,0,1257.5,2,81000.0,0,0,72001,1.0,1.0,0.0,0.0,1.0
49,0,54987199,1,1329.5,0,150000.0,1,2,60036,1.0,0.0,0.0,0.0,1.0
50,0,54988132,1,1314.5,0,127000.0,1,0,60008,1.0,0.0,0.0,0.0,1.0
51,0,58994395,1,1281.5,2,99000.0,1,0,60052,1.0,0.0,0.0,0.0,1.0
52,0,58999582,0,1214.0,2,63000.0,0,2,330014,1.0,1.0,1.0,1.0,1.0
53,0,58987512,1,1302.5,2,211000.0,1,1,72000,1.0,0.0,0.0,0.0,1.0
54,0,54985197,1,1191.5,2,70000.0,1,0,450032,192.3538406,1.0,1.0,0.0,1.0
55,0,59003447,1,1226.0,2,90000.0,1,2,450089,200.0,1.0,0.0,0.0,1.0
56,0,58995283,1,1229.0,0,170000.0,1,1,550115,244.94897430000003,1.0,0.0,0.0,1.0
57,0,54985110,1,1206.5,2,66000.0,1,1,60000,173.20508080000002,1.0,1.0,0.0,1.0
58,0,58993992,1,1266.5,2,89000.0,1,1,60091,1.0,0.0,0.0,0.0,1.0
59,0,58983791,1,1215.5,2,100000.0,1,1,450015,258.08525719999994,1.0,0.0,0.0,1.0
60,0,58987426,1,1277.0,0,142000.0,1,2,450002,197.4841766,0.0,0.0,0.0,1.0
61,0,59004203,0,1250.0,2,103000.0,0,0,60071,207.3644135,1.0,0.0,0.0,1.0
62,0,54991100,0,1292.0,2,195000.0,0,1,151300,1.0,0.0,0.0,0.0,1.0
63,0,54985241,1,1275.5,2,90000.0,1,1,450015,212.1320344,0.0,0.0,0.0,1.0
64,0,59004394,0,1292.0,2,187000.0,0,2,60019,273.0347963,0.0,0.0,0.0,1.0
65,0,54987829,1,1320.5,0,102000.0,1,1,151300,200.0,0.0,0.0,0.0,1.0
66,0,58995813,1,1230.5,2,57000.0,1,0,450015,170.29386369999995,1.0,1.0,0.0,1.0
67,0,58997265,0,1386.5,2,296000.0,2,1,151300,223.6067977,0.0,0.0,0.0,1.0
68,0,58989956,1,1284.5,0,82000.0,1,2,450019,214.4761059,0.0,0.0,0.0,1.0
69,0,58999985,1,1281.5,2,98000.0,1,0,60019,1.0,0.0,0.0,0.0,1.0
70,0,54990417,0,1239.5,2,65000.0,0,1,151300,200.0,1.0,1.0,0.0,1.0
71,0,58996494,1,1304.0,0,98000.0,1,1,151300,180.2775638,0.0,0.0,0.0,1.0
72,0,58999709,0,1314.5,2,176000.0,0,0,72049,241.8470591,0.0,0.0,0.0,1.0
73,0,58992592,1,1250.0,0,121000.0,1,2,350091,212.1320344,1.0,0.0,1.0,1.0
74,0,59001107,0,1272.5,2,180000.0,0,1,60091,1.0,0.0,0.0,0.0,1.0
75,0,58986063,1,1266.5,2,86000.0,1,1,151000,200.0,0.0,0.0,0.0,1.0
76,0,58982401,1,1322.0,2,133000.0,1,0,350609,209.8570942,0.0,0.0,1.0,1.0
77,0,59004503,0,1305.5,0,129000.0,0,1,60014,1.0,0.0,0.0,0.0,1.0
78,0,54985058,1,1266.5,2,227000.0,1,0,151300,254.9509757,0.0,0.0,0.0,1.0
79,0,59001300,0,1241.0,2,52000.0,0,1,151011,1.0,1.0,1.0,0.0,1.0
80,0,59005275,0,1298.0,0,165000.0,0,0,72000,234.4504212,0.0,0.0,0.0,1.0
81,0,58989779,1,1350.5,2,176000.0,1,0,151004,1.0,0.0,0.0,0.0,1.0
82,0,54984680,1,1170.5,2,100000.0,1,1,350092,200.0,1.0,0.0,1.0,1.0
83,0,58998809,0,1278.5,2,186000.0,0,1,72000,173.20508080000002,0.0,0.0,0.0,1.0
84,0,54989291,0,1322.0,2,146000.0,0,0,72000,1.0,0.0,0.0,0.0,1.0
85,0,58986069,1,1322.0,2,195000.0,1,0,60000,200.0,0.0,0.0,0.0,1.0
86,0,54986797,1,1254.5,2,81000.0,1,1,60057,200.0,1.0,0.0,0.0,1.0
87,0,54986826,1,1370.0,0,142000.0,1,0,72014,1.0,0.0,0.0,0.0,1.0
88,0,58989171,1,1289.0,2,305000.0,1,1,60033,236.6431913,0.0,0.0,0.0,1.0
89,0,59002460,0,1328.0,2,123000.0,0,1,151009,173.20508080000002,0.0,0.0,0.0,1.0
90,0,59005838,0,1257.5,2,35000.0,0,2,72014,1.0,1.0,1.0,0.0,1.0
91,0,54989304,0,1238.0,2,125000.0,0,0,60002,1.0,1.0,0.0,0.0,1.0
92,0,58988886,1,1235.0,2,68000.0,1,1,450017,187.08286930000003,1.0,1.0,0.0,1.0
93,0,58983868,1,1304.0,2,150000.0,1,1,550107,264.5751311,0.0,0.0,0.0,1.0
94,0,59002775,0,1301.0,2,144000.0,0,0,60001,212.1320344,0.0,0.0,0.0,1.0
95,0,58987368,1,1220.0,2,64000.0,1,1,60033,187.08286930000003,1.0,1.0,0.0,1.0
96,0,54986113,1,1343.0,0,157000.0,1,2,72000,1.0,0.0,0.0,0.0,1.0
97,0,59003649,0,1386.5,0,87000.0,0,1,60008,228.5432125,0.0,0.0,0.0,1.0
98,0,58996064,1,1230.5,2,69000.0,1,0,151300,187.08286930000003,1.0,1.0,0.0,1.0
99,0,59001297,0,1233.5,0,190000.0,0,2,60064,1.0,1.0,0.0,0.0,1.0
100,0,58998256,0,1280.0,2,89000.0,0,1,151300,189.7366596,0.0,0.0,0.0,1.0
101,0,54982998,1,1284.5,2,132000.0,1,0,151009,228.9847156,0.0,0.0,0.0,1.0
102,0,58986443,1,1362.5,0,114000.0,1,2,361005,1.0,0.0,0.0,1.0,1.0
103,0,54982463,1,1272.5,2,70000.0,1,1,60033,167.1227094,0.0,1.0,0.0,1.0
104,0,58989819,1,1299.5,2,500000.0,1,1,72000,1.0,0.0,0.0,0.0,1.0
105,0,54982859,1,1322.0,2,154000.0,1,1,72000,204.9390153,0.0,0.0,0.0,1.0
106,0,58994773,1,1257.5,2,80000.0,1,1,60047,1.0,1.0,0.0,0.0,1.0
107,0,54985214,1,1349.0,0,193000.0,1,1,350063,316.22776600000003,0.0,0.0,1.0,1.0
108,0,58985198,1,1307.0,2,166000.0,1,1,60065,235.0829641,0.0,0.0,0.0,1.0
109,0,58986294,1,1286.0,0,99000.0,1,2,60000,1.0,0.0,0.0,0.0,1.0
110,0,58984900,1,1191.5,2,53000.0,1,1,72000,187.08286930000003,1.0,1.0,0.0,1.0
111,0,58983482,1,1367.0,2,127000.0,1,1,60054,223.6067977,0.0,0.0,0.0,1.0
112,0,54988052,1,1350.5,0,110000.0,1,2,71000,1.0,0.0,0.0,0.0,1.0
113,0,58983946,1,1338.5,2,107000.0,1,1,72000,1.0,0.0,0.0,0.0,1.0
114,0,58985599,1,1305.5,2,129000.0,1,1,60061,223.6067977,0.0,0.0,0.0,1.0
115,0,59003975,0,1364.0,0,200000.0,0,1,60022,212.1320344,0.0,0.0,0.0,1.0
116,0,58995860,1,1362.5,2,93000.0,1,1,151300,1.0,0.0,0.0,0.0,1.0
117,0,59001343,0,1272.5,2,170000.0,0,1,60019,1.0,0.0,0.0,0.0,1.0
118,0,59001195,0,1311.5,2,147000.0,0,1,72000,187.08286930000003,0.0,0.0,0.0,1.0
119,0,59002016,0,1196.0,2,65000.0,0,2,72001,1.0,1.0,1.0,0.0,1.0
120,0,54983331,1,1241.0,2,30000.0,1,1,60006,1.0,1.0,1.0,0.0,1.0
121,0,54986688,1,1319.0,2,177000.0,1,1,60042,1.0,0.0,0.0,0.0,1.0
122,0,59004662,0,1242.5,2,158000.0,0,1,72000,200.0,1.0,0.0,0.0,1.0
123,0,59003192,0,1329.5,0,181000.0,0,1,340017,223.6067977,0.0,0.0,1.0,1.0
124,0,59002317,0,1266.5,2,87000.0,0,2,361029,1.0,0.0,0.0,1.0,1.0
125,0,58987210,1,1223.0,2,90000.0,1,1,450091,223.6067977,1.0,0.0,0.0,1.0
126,0,54984577,1,1311.5,0,91000.0,1,2,151306,1.0,0.0,0.0,0.0,1.0
127,0,58993467,1,1257.5,2,95000.0,1,0,450015,244.94897430000003,1.0,0.0,0.0,1.0
128,0,54991294,0,1256.0,2,101000.0,0,0,60084,1.0,1.0,0.0,0.0,1.0
129,0,58991066,1,1220.0,2,77000.0,1,1,72001,1.0,1.0,0.0,0.0,1.0
130,0,58984992,1,1250.0,2,78000.0,1,1,350092,176.4256217,1.0,0.0,1.0,1.0
131,0,58994986,1,1298.0,0,128000.0,1,1,151300,173.20508080000002,0.0,0.0,0.0,1.0
132,0,58993789,1,1238.0,2,59000.0,1,0,60000,1.0,1.0,1.0,0.0,1.0
133,0,58999718,0,1308.5,2,312000.0,0,0,60014,1.0,0.0,0.0,0.0,1.0
134,0,58994284,1,1214.0,2,81000.0,1,0,450012,204.9390153,1.0,0.0,0.0,1.0
135,0,58984207,1,1305.5,2,91000.0,1,1,450003,173.4358671,0.0,0.0,0.0,1.0
136,0,58987402,1,1241.0,2,62000.0,1,0,60023,1.0,1.0,1.0,0.0,1.0
137,0,58982376,2,1410.5,0,300000.0,0,2,340009,1.0,0.0,0.0,1.0,1.0
138,0,58996247,1,1259.0,0,336000.0,1,0,60036,1.0,1.0,0.0,0.0,1.0
139,0,58996112,1,1248.5,2,76000.0,1,1,72000,200.0,1.0,0.0,0.0,1.0
140,0,54983915,1,1256.0,2,110000.0,1,0,60018,1.0,1.0,0.0,0.0,1.0
141,0,58994299,1,1340.0,0,99000.0,1,2,350069,181.10770280000003,0.0,0.0,1.0,1.0
142,0,58986146,1,1250.0,2,93000.0,1,2,350062,244.94897430000003,1.0,0.0,1.0,1.0
143,0,54988391,1,1203.5,2,71000.0,1,1,151300,200.0,1.0,1.0,0.0,1.0
144,0,58987931,1,1311.5,0,215000.0,1,1,350020,219.089023,0.0,0.0,1.0,1.0
145,0,58997112,1,1202.0,2,63000.0,1,2,60057,1.0,1.0,1.0,0.0,1.0
146,0,58997354,0,1328.0,2,148000.0,0,2,60064,1.0,0.0,0.0,0.0,1.0
147,0,58998938,0,1397.0,2,191000.0,0,0,72000,300.4080558,0.0,0.0,0.0,1.0
148,0,58991241,1,1277.0,0,150000.0,1,1,60015,1.0,0.0,0.0,0.0,1.0
149,0,58989774,1,1281.5,0,80000.0,2,2,60019,235.1148655,0.0,0.0,0.0,1.0
150,0,58991389,1,1365.5,2,84000.0,1,1,60023,1.0,0.0,0.0,0.0,1.0
151,0,58992082,1,1296.5,0,76000.0,1,10,72001,1.0,0.0,0.0,0.0,1.0
152,0,58996882,1,1233.5,2,59000.0,1,1,450052,387.2983346,1.0,1.0,0.0,1.0
153,0,59005496,0,1298.0,0,35000.0,0,1,60028,200.0,0.0,1.0,0.0,1.0
154,0,59003191,0,1278.5,2,97000.0,0,1,72015,223.6067977,0.0,0.0,0.0,1.0
155,0,54984235,1,1365.5,2,77000.0,1,1,60084,1.0,0.0,0.0,0.0,1.0
156,0,54984766,1,1283.0,2,90000.0,1,1,510094,189.7366596,0.0,0.0,0.0,1.0
157,0,58997872,0,1305.5,2,91000.0,0,2,60091,1.0,0.0,0.0,0.0,1.0
158,0,54988666,1,1262.0,0,94000.0,1,1,60018,187.08286930000003,1.0,0.0,0.0,1.0
159,0,54983307,1,1269.5,0,180000.0,1,1,151009,173.20508080000002,0.0,0.0,0.0,1.0
160,0,54988581,1,1247.0,2,66000.0,1,2,60041,1.0,1.0,1.0,0.0,1.0
161,0,58986723,1,1322.0,2,195000.0,1,1,71000,173.20508080000002,0.0,0.0,0.0,1.0
162,0,58995787,1,1289.0,2,68000.0,1,1,60016,173.20508080000002,0.0,1.0,0.0,1.0
163,0,58992849,1,1380.5,2,271000.0,1,0,60027,300.1299718,0.0,0.0,0.0,1.0
164,0,54988718,1,1292.0,0,130000.0,1,1,60040,1.0,0.0,0.0,0.0,1.0
165,0,58991249,1,1296.5,2,138000.0,1,1,60027,158.11388300000002,0.0,0.0,0.0,1.0
166,0,58999555,0,1283.0,2,94000.0,0,0,60017,1.0,0.0,0.0,0.0,1.0
167,0,58994468,1,1283.0,2,100000.0,1,1,332444,1.0,0.0,0.0,1.0,1.0
168,0,54991497,0,1347.5,0,138000.0,0,1,60013,181.6590212,0.0,0.0,0.0,1.0
169,0,59000580,0,1244.0,2,116000.0,0,1,60002,1.0,1.0,0.0,0.0,1.0
170,0,58988871,1,1259.0,2,147000.0,1,0,350029,421.0700654,1.0,0.0,1.0,1.0
171,0,54987053,1,1245.5,2,58000.0,1,1,60024,1.0,1.0,1.0,0.0,1.0
172,0,59000930,0,1352.0,2,75000.0,0,0,151300,200.0,0.0,1.0,0.0,1.0
173,0,58987165,1,1317.5,0,89000.0,1,0,450080,178.1375873,0.0,0.0,0.0,1.0
174,0,58999931,0,1338.5,2,165000.0,0,1,151300,288.09720580000004,0.0,0.0,0.0,1.0
175,0,58996120,1,1211.0,2,66000.0,1,1,60015,1.0,1.0,1.0,0.0,1.0
176,0,58988250,1,1242.5,2,30000.0,1,1,60050,200.0,1.0,1.0,0.0,1.0
177,0,54983799,1,1298.0,0,127000.0,1,2,151300,1.0,0.0,0.0,0.0,1.0
178,0,54990270,0,1308.5,2,144000.0,0,1,60016,1.0,0.0,0.0,0.0,1.0
179,0,58987900,1,1248.5,0,81000.0,1,0,450033,187.08286930000003,1.0,0.0,0.0,1.0
180,0,54983466,1,1274.0,2,127000.0,1,0,72001,212.1320344,0.0,0.0,0.0,1.0
181,0,54988645,1,1350.5,0,235000.0,1,1,350704,360.5551275,0.0,0.0,1.0,1.0
182,0,58990002,1,1277.0,2,101000.0,1,0,450050,200.0699878,0.0,0.0,0.0,1.0
183,0,54986067,1,1271.0,2,137000.0,1,1,60008,233.2873764,0.0,0.0,0.0,1.0
184,0,59000497,0,1257.5,2,88000.0,0,1,60018,200.0,1.0,0.0,0.0,1.0
185,0,59004078,1,1257.5,0,84000.0,1,1,71000,173.20508080000002,1.0,0.0,0.0,1.0
186,0,59002046,0,1259.0,2,35000.0,0,1,60017,1.0,1.0,1.0,0.0,1.0
187,0,54985355,1,1341.5,2,183000.0,1,1,151300,246.6049472,0.0,0.0,0.0,1.0
188,0,58990628,1,1335.5,2,150000.0,1,0,350050,412.3105626,0.0,0.0,1.0,1.0
189,0,59005413,0,1226.0,2,73000.0,0,1,60058,158.11388300000002,1.0,1.0,0.0,1.0
190,0,54991474,0,1256.0,0,129000.0,0,0,60042,1.0,1.0,0.0,0.0,1.0
191,0,58991029,1,1328.0,0,105000.0,1,2,60095,200.0,0.0,0.0,0.0,1.0
192,0,54989484,0,1313.0,2,328000.0,0,1,151300,1.0,0.0,0.0,0.0,1.0
193,0,58996069,1,1233.5,2,62000.0,1,2,450194,244.94897430000003,1.0,1.0,0.0,1.0
194,0,54983198,1,1230.5,2,78000.0,1,1,72000,232.3790008,1.0,0.0,0.0,1.0
195,1,59005571,0,1241.0,2,60000.0,0,1,151300,187.08286930000003,1.0,1.0,0.0,1.0
196,1,54988224,1,1235.0,2,101000.0,1,1,60013,1.0,1.0,0.0,0.0,1.0
197,1,54988411,1,1242.5,2,56000.0,1,1,151300,1.0,1.0,1.0,0.0,1.0
198,1,58997951,0,1230.5,2,125000.0,0,0,71002,316.22776600000003,1.0,0.0,0.0,1.0
199,1,58982795,1,1292.0,2,119000.0,1,0,72001,187.08286930000003,0.0,0.0,0.0,1.0
200,1,54983144,1,1214.0,2,58000.0,1,1,72000,200.0,1.0,1.0,0.0,1.0
201,1,59000868,0,1253.0,2,59000.0,0,2,151300,1.0,1.0,1.0,0.0,1.0
202,1,54989095,0,1230.5,2,79000.0,0,1,72015,173.20508080000002,1.0,0.0,0.0,1.0
203,1,58985008,1,1259.0,2,121000.0,1,1,60064,1.0,1.0,0.0,0.0,1.0
204,1,58996172,1,1293.5,0,87000.0,1,1,450080,170.2468796,0.0,0.0,0.0,1.0
205,1,58989594,1,1317.5,2,127000.0,1,0,71000,200.0,0.0,0.0,0.0,1.0
206,1,54985654,1,1280.0,2,120000.0,1,1,151300,218.604666,0.0,0.0,0.0,1.0
207,1,58994340,1,1281.5,0,75000.0,1,1,72049,1.0,0.0,1.0,0.0,1.0
208,1,58993173,1,1241.0,2,78000.0,1,1,60074,1.0,1.0,0.0,0.0,1.0
209,1,54986544,1,1214.0,2,51000.0,1,0,72000,1.0,1.0,1.0,0.0,1.0
210,1,58989341,1,1241.0,2,56000.0,1,1,151300,158.11388300000002,1.0,1.0,0.0,1.0
211,1,59002746,0,1239.5,2,90000.0,0,1,60019,173.20508080000002,1.0,0.0,0.0,1.0
212,1,58990469,1,1239.5,2,73000.0,1,1,60090,223.6067977,1.0,1.0,0.0,1.0
213,1,58994301,1,1254.5,2,100000.0,1,1,151300,158.11388300000002,1.0,0.0,0.0,1.0
214,1,58991158,1,1205.0,2,77000.0,1,2,151300,273.86127880000004,1.0,0.0,0.0,1.0
215,1,54990680,0,1241.0,2,60000.0,0,1,60036,1.0,1.0,1.0,0.0,1.0
216,1,59000639,0,1251.5,2,51000.0,0,2,60041,1.0,1.0,1.0,0.0,1.0
217,1,54983809,1,1299.5,2,30000.0,1,1,350059,316.22776600000003,0.0,1.0,1.0,1.0
218,1,58992108,1,1241.0,2,56000.0,1,0,60013,158.11388300000002,1.0,1.0,0.0,1.0
219,1,54984789,1,1256.0,2,78000.0,1,2,60030,1.0,1.0,0.0,0.0,1.0
220,1,58997551,0,1305.5,2,130000.0,0,1,361047,1.0,0.0,0.0,1.0,1.0
221,1,58996840,1,1241.0,2,55000.0,1,0,151300,212.1320344,1.0,1.0,0.0,1.0
222,1,54986146,1,1358.0,0,121000.0,1,1,151300,173.20508080000002,0.0,0.0,0.0,1.0
223,1,58985589,1,1224.5,2,45000.0,1,1,450062,173.1588866,1.0,1.0,0.0,1.0
224,1,59004885,0,1272.5,0,141000.0,0,1,151300,1.0,0.0,0.0,0.0,1.0
225,1,58991614,1,1230.5,2,64000.0,1,2,60058,200.0,1.0,1.0,0.0,1.0
226,1,58989344,1,1265.0,2,70000.0,1,2,350704,316.22776600000003,1.0,1.0,1.0,1.0
227,1,58995389,1,1289.0,0,107000.0,1,1,151300,1.0,0.0,0.0,0.0,1.0
228,1,58983822,1,1308.5,2,30000.0,1,1,60062,1.0,0.0,1.0,0.0,1.0
229,1,58990737,1,1242.5,2,71000.0,1,1,60005,173.20508080000002,1.0,1.0,0.0,1.0
230,1,58982978,1,1322.0,2,30000.0,1,1,60047,164.3167673,0.0,1.0,0.0,1.0
231,1,58993990,1,1263.5,2,53000.0,1,1,60095,1.0,1.0,1.0,0.0,1.0
232,1,59001900,0,1256.0,2,180000.0,0,1,60018,1.0,1.0,0.0,0.0,1.0
233,1,58994089,1,1239.5,2,79000.0,1,0,71003,1.0,1.0,0.0,0.0,1.0
234,1,58987220,1,1259.0,2,94000.0,1,0,350063,200.0,1.0,0.0,1.0,1.0
235,1,54984386,1,1245.5,2,81000.0,1,1,60004,1.0,1.0,0.0,0.0,1.0
236,1,58984255,1,1223.0,2,50000.0,1,1,151300,1.0,1.0,1.0,0.0,1.0
237,1,58990136,1,1250.0,2,94000.0,1,1,71000,187.08286930000003,1.0,0.0,0.0,1.0
238,1,54987857,1,1323.5,0,152000.0,1,1,151008,1.0,0.0,0.0,0.0,1.0
239,1,54984047,1,1274.0,2,76000.0,1,1,60000,173.4358671,0.0,0.0,0.0,1.0
240,1,59001882,1,1355.0,2,94000.0,1,1,510044,216.3816074,0.0,0.0,0.0,1.0
241,1,58994016,1,1310.0,0,186000.0,1,2,340019,223.6067977,0.0,0.0,1.0,1.0
242,1,54985192,1,1230.5,2,72000.0,1,1,60069,1.0,1.0,1.0,0.0,1.0
243,1,58983909,1,1262.0,2,130000.0,1,1,151304,189.7366596,1.0,0.0,0.0,1.0
244,1,58997724,0,1313.0,2,134000.0,0,1,60054,244.94897430000003,0.0,0.0,0.0,1.0
245,1,58982721,1,1269.5,2,86000.0,1,0,60019,1.0,0.0,0.0,0.0,1.0
246,1,54986575,1,1272.5,2,50000.0,1,1,60011,1.0,0.0,1.0,0.0,1.0
247,1,54984903,1,1371.5,2,83000.0,1,1,350704,165.6653253,0.0,0.0,1.0,1.0
248,1,58995877,1,1277.0,2,132000.0,1,0,60016,1.0,0.0,0.0,0.0,1.0
249,1,58999754,0,1310.0,2,88000.0,0,1,60005,1.0,0.0,0.0,0.0,1.0
250,1,59002803,0,1295.0,0,35000.0,0,1,151300,1.0,0.0,1.0,0.0,1.0
251,1,58993369,1,1308.5,0,134000.0,1,1,151009,1.0,0.0,0.0,0.0,1.0
252,1,58993621,1,1272.5,2,80000.0,1,0,60043,1.0,0.0,0.0,0.0,1.0
253,1,58996391,1,1386.5,0,165000.0,1,2,350098,173.20508080000002,0.0,0.0,1.0,1.0
254,1,58988200,1,1308.5,2,39000.0,1,1,450018,159.9843742,0.0,1.0,0.0,1.0
255,1,58982754,1,1322.0,2,195000.0,1,1,60033,240.8318916,0.0,0.0,0.0,1.0
256,1,59001563,0,1214.0,2,56000.0,0,1,151300,200.0,1.0,1.0,0.0,1.0
257,1,54991086,0,1289.0,0,143000.0,0,1,60091,1.0,0.0,0.0,0.0,1.0
258,1,59001607,0,1187.0,2,100000.0,0,1,60017,547.7225575,1.0,0.0,0.0,1.0
259,1,58987028,1,1206.5,2,49000.0,1,2,551201,158.11388300000002,1.0,1.0,0.0,1.0
260,1,54984182,1,1281.5,2,144000.0,1,1,60057,1.0,0.0,0.0,0.0,1.0
261,1,54987489,1,1307.0,0,182000.0,1,2,350052,200.0,0.0,0.0,1.0,1.0
262,1,59003507,0,1278.5,2,101000.0,0,1,72000,1.0,0.0,0.0,0.0,1.0
263,1,58992006,1,1272.5,2,50000.0,1,2,60007,1.0,0.0,1.0,0.0,1.0
264,1,54990604,0,1238.0,2,75000.0,0,1,72001,1.0,1.0,1.0,0.0,1.0
265,1,54987636,1,1214.0,2,59000.0,1,1,72001,223.6067977,1.0,1.0,0.0,1.0
266,1,58992419,1,1382.0,2,115000.0,1,1,60058,1.0,0.0,0.0,0.0,1.0
267,1,58986996,1,1250.0,2,50000.0,1,1,350702,200.0,1.0,1.0,1.0,1.0
268,1,54988522,1,1214.0,2,58000.0,1,1,151300,158.11388300000002,1.0,1.0,0.0,1.0
269,1,59001617,0,1304.0,2,35000.0,0,1,72000,200.0,0.0,1.0,0.0,1.0
270,1,54986948,1,1353.5,0,173000.0,1,1,350018,212.1320344,0.0,0.0,1.0,1.0
271,1,59001676,0,1287.5,2,120000.0,0,0,60059,1.0,0.0,0.0,0.0,1.0
272,1,59000842,0,1214.0,2,50000.0,0,1,60043,173.20508080000002,1.0,1.0,0.0,1.0
273,1,58994767,1,1377.5,0,55000.0,1,1,151009,212.1320344,0.0,1.0,0.0,1.0
274,1,54982387,2,1349.0,0,286000.0,2,2,361003,1.0,0.0,0.0,1.0,1.0
275,1,59000101,0,1223.0,2,50000.0,0,1,72000,173.20508080000002,1.0,1.0,0.0,1.0
276,1,54985084,1,1214.0,2,59000.0,1,0,60018,200.0,1.0,1.0,0.0,1.0
277,1,58982776,1,1164.5,2,35000.0,1,1,60082,200.0,1.0,1.0,0.0,1.0
278,1,58991789,1,1304.0,2,63000.0,1,1,60095,223.6067977,0.0,1.0,0.0,1.0
279,1,54990614,0,1389.5,0,186000.0,0,0,60014,1.0,0.0,0.0,0.0,1.0
280,1,59003325,0,1325.0,0,126000.0,0,0,71003,1.0,0.0,0.0,0.0,1.0
281,1,59002628,0,1218.5,2,48000.0,0,1,72001,187.08286930000003,1.0,1.0,0.0,1.0
282,1,54985076,1,1365.5,2,143000.0,1,1,60011,202.4845673,0.0,0.0,0.0,1.0
283,1,58986802,1,1241.0,2,61000.0,1,2,552104,187.08286930000003,1.0,1.0,0.0,1.0
284,1,59003724,0,1332.5,0,106000.0,0,1,60033,1.0,0.0,0.0,0.0,1.0
285,1,54989257,0,1242.5,2,56000.0,0,2,330007,1.0,1.0,1.0,1.0,1.0
286,1,59005543,0,1302.5,0,239000.0,0,1,60043,380.7886553,0.0,0.0,0.0,1.0
287,1,58990902,1,1215.5,2,58000.0,1,1,60033,158.11388300000002,1.0,1.0,0.0,1.0
288,1,54982856,1,1361.0,2,30000.0,1,1,60033,264.5751311,0.0,1.0,0.0,1.0
289,1,54988011,1,1241.0,2,75000.0,1,1,450059,194.9358869,1.0,1.0,0.0,1.0
290,1,59003111,0,1223.0,2,73000.0,0,0,151300,1.0,1.0,1.0,0.0,1.0
291,1,54986429,1,1326.5,2,208000.0,1,1,510070,279.6640842,0.0,0.0,0.0,1.0
292,1,58995303,1,1304.0,0,113000.0,1,0,350078,264.5751311,0.0,0.0,1.0,1.0
293,1,58985805,1,1241.0,2,46000.0,1,1,350092,175.1570724,1.0,1.0,1.0,1.0
294,1,58989236,1,1268.0,2,90000.0,1,1,71002,1.0,0.0,0.0,0.0,1.0
295,1,58994744,1,1332.5,0,141000.0,1,1,72412,1.0,0.0,0.0,0.0,1.0
296,1,58989269,1,1391.0,2,112000.0,1,1,71002,192.608411,0.0,0.0,0.0,1.0
297,1,54984134,1,1230.5,2,35000.0,1,1,60057,1.0,1.0,1.0,0.0,1.0
298,1,58994856,1,1215.5,2,60000.0,1,2,450081,158.11388300000002,1.0,1.0,0.0,1.0
299,1,54985730,1,1319.0,2,149000.0,1,0,350096,243.9569634,0.0,0.0,1.0,1.0
300,1,54987545,1,1212.5,2,61000.0,1,1,450031,187.08286930000003,1.0,1.0,0.0,1.0
301,1,54987040,1,1190.0,2,95000.0,1,1,60019,1.0,1.0,0.0,0.0,1.0
302,1,54988520,1,1227.5,2,90000.0,1,1,60040,158.11388300000002,1.0,0.0,0.0,1.0
303,1,54988512,1,1239.5,0,238000.0,1,1,60014,200.0,1.0,0.0,0.0,1.0
304,1,58993847,1,1262.0,2,172000.0,1,0,72000,262.11066370000003,1.0,0.0,0.0,1.0
305,1,58989748,1,1200.5,2,110000.0,1,1,60034,249.69981980000003,1.0,0.0,0.0,1.0
306,1,58998919,0,1253.0,2,84000.0,0,1,72001,173.20508080000002,1.0,0.0,0.0,1.0
307,1,58990519,1,1256.0,0,102000.0,1,2,450080,178.8854382,1.0,0.0,0.0,1.0
308,1,58989082,1,1299.5,2,64000.0,1,1,510090,178.24140930000002,0.0,1.0,0.0,1.0
309,1,54986538,1,1223.0,2,55000.0,1,1,60069,1.0,1.0,1.0,0.0,1.0
310,1,59003280,0,1241.0,2,68000.0,0,1,60020,173.20508080000002,1.0,1.0,0.0,1.0
311,1,58989781,1,1241.0,0,70000.0,1,2,450032,200.0,1.0,1.0,0.0,1.0
312,1,59000783,0,1305.5,2,59000.0,0,1,72004,1.0,0.0,1.0,0.0,1.0
313,1,58985495,1,1314.5,2,177000.0,1,1,60059,1.0,0.0,0.0,0.0,1.0
314,1,54991492,0,1256.0,0,120000.0,0,1,151000,173.20508080000002,1.0,0.0,0.0,1.0
315,1,54985924,1,1241.0,0,111000.0,1,1,350068,223.6067977,1.0,0.0,1.0,1.0
316,1,59001375,0,1305.5,2,65000.0,0,0,60041,204.9390153,0.0,1.0,0.0,1.0
317,1,58982857,1,1272.5,2,76000.0,1,1,60084,1.0,0.0,0.0,0.0,1.0
318,1,58996558,1,1355.0,0,160000.0,1,1,151304,173.20508080000002,0.0,0.0,0.0,1.0
319,1,59001917,0,1304.0,2,35000.0,0,0,60069,1.0,0.0,1.0,0.0,1.0
320,1,59002472,1,1245.5,2,65000.0,1,1,151300,173.20508080000002,1.0,1.0,0.0,1.0
321,1,58995950,1,1218.5,0,101000.0,1,2,350100,273.86127880000004,1.0,0.0,1.0,1.0
322,1,58990934,1,1262.0,2,151000.0,1,1,510102,251.968252,1.0,0.0,0.0,1.0
323,1,58988337,1,1241.0,2,42000.0,1,2,60004,165.5505965,1.0,1.0,0.0,1.0
324,1,54988117,1,1346.0,0,148000.0,1,1,350000,244.94897430000003,0.0,0.0,1.0,1.0
325,1,58995407,1,1316.0,0,64000.0,1,0,60079,1.0,0.0,1.0,0.0,1.0
326,1,54988051,1,1266.5,0,103000.0,1,1,60061,1.0,0.0,0.0,0.0,1.0
327,1,54991219,0,1334.0,2,35000.0,0,1,151000,1.0,0.0,1.0,0.0,1.0
328,1,59002037,0,1292.0,0,115000.0,0,1,350060,192.3538406,0.0,0.0,1.0,1.0
329,1,58983297,1,1299.5,2,30000.0,1,1,71000,200.0,0.0,1.0,0.0,1.0
330,1,54988107,1,1361.0,2,274000.0,1,1,151300,314.9666649,0.0,0.0,0.0,1.0
331,1,58984726,1,1347.5,2,150000.0,1,1,72000,538.5387637,0.0,0.0,0.0,1.0
332,1,54987300,1,1125.5,2,79000.0,1,2,450007,187.08286930000003,1.0,0.0,0.0,1.0
333,1,58985005,1,1316.0,2,48000.0,1,1,450033,297.5281499,0.0,1.0,0.0,1.0
334,1,58985795,1,1389.5,2,38000.0,1,1,450015,158.5370619,0.0,1.0,0.0,1.0
335,1,58992044,1,1365.5,0,130000.0,1,2,341439,173.20508080000002,0.0,0.0,1.0,1.0
336,1,59004658,0,1257.5,2,105000.0,0,1,151009,1.0,1.0,0.0,0.0,1.0
337,1,58989746,1,1334.0,2,86000.0,1,1,510065,168.5140944,0.0,0.0,0.0,1.0
338,1,58995168,1,1335.5,0,151000.0,1,1,60084,1.0,0.0,0.0,0.0,1.0
339,1,58987715,1,1289.0,0,35000.0,1,1,60063,1.0,0.0,1.0,0.0,1.0
340,1,54985832,1,1308.5,2,500000.0,1,0,60001,387.2983346,0.0,0.0,0.0,1.0
341,1,58991618,1,1257.5,0,98000.0,1,2,60075,1.0,1.0,0.0,0.0,1.0
342,1,59002105,0,1277.0,2,91000.0,0,1,72000,158.11388300000002,0.0,0.0,0.0,1.0
343,1,59000077,0,1305.5,2,128000.0,0,1,72000,291.1889421,0.0,0.0,0.0,1.0
344,1,58999971,0,1320.5,0,128000.0,0,2,341774,206.4291646,0.0,0.0,1.0,1.0
345,1,58993253,1,1328.0,0,127000.0,1,2,60043,1.0,0.0,0.0,0.0,1.0
346,1,58999186,0,1274.0,2,388000.0,0,0,72000,1.0,0.0,0.0,0.0,1.0
347,1,54985687,1,1188.5,2,90000.0,1,1,60017,1.0,1.0,0.0,0.0,1.0
348,1,54982665,1,1245.5,2,77000.0,1,1,151300,244.94897430000003,1.0,0.0,0.0,1.0
349,1,58986809,1,1305.5,2,35000.0,1,0,72000,1.0,0.0,1.0,0.0,1.0
350,1,58994121,1,1241.0,2,65000.0,1,0,151011,1.0,1.0,1.0,0.0,1.0
351,1,54991108,0,1269.5,0,210000.0,0,2,330012,1.0,0.0,0.0,1.0,1.0
352,1,59001975,0,1179.5,2,49000.0,0,1,60032,173.20508080000002,1.0,1.0,0.0,1.0
353,1,58995436,1,1256.0,2,96000.0,1,1,72000,200.0,1.0,0.0,0.0,1.0
354,1,58985009,1,1367.0,2,167000.0,1,1,60021,244.94897430000003,0.0,0.0,0.0,1.0
355,1,58986784,1,1242.5,2,75000.0,1,1,510020,173.20508080000002,1.0,1.0,0.0,1.0
356,1,54983232,1,1230.5,2,72000.0,1,0,151304,173.20508080000002,1.0,1.0,0.0,1.0
357,1,54986075,1,1245.5,2,81000.0,1,1,60014,1.0,1.0,0.0,0.0,1.0
358,1,58995842,1,1302.5,0,92000.0,1,2,60075,212.1320344,0.0,0.0,0.0,1.0
359,1,58989592,1,1305.5,0,87000.0,1,2,72000,186.4564292,0.0,0.0,0.0,1.0
360,1,59003268,0,1281.5,2,95000.0,0,1,60047,173.20508080000002,0.0,0.0,0.0,1.0
361,1,58987541,1,1268.0,2,91000.0,1,1,71008,1.0,0.0,0.0,0.0,1.0
362,1,54985691,1,1241.0,2,71000.0,1,2,450071,187.08286930000003,1.0,1.0,0.0,1.0
363,1,54986064,1,1281.5,0,173000.0,1,2,72000,1.0,0.0,0.0,0.0,1.0
364,1,58989056,1,1290.5,2,113000.0,1,1,60091,204.9390153,0.0,0.0,0.0,1.0
365,1,58993137,1,1205.0,2,63000.0,1,1,151300,1.0,1.0,1.0,0.0,1.0
366,1,58994429,1,1295.0,2,73000.0,1,1,350076,223.6067977,0.0,1.0,1.0,1.0
367,1,58986727,1,1214.0,2,68000.0,1,1,550044,173.20508080000002,1.0,1.0,0.0,1.0
368,1,58982354,2,1343.0,0,550000.0,2,2,350024,1.0,0.0,0.0,1.0,1.0
369,1,58998275,0,1239.5,2,30000.0,0,1,350017,223.6067977,1.0,1.0,1.0,1.0
370,1,54985234,1,1214.0,2,66000.0,1,1,60019,200.0,1.0,1.0,0.0,1.0
371,1,58993373,1,1299.5,0,135000.0,1,1,350705,187.08286930000003,0.0,0.0,1.0,1.0
372,1,58987961,1,1302.5,0,177000.0,1,0,371200,158.11388300000002,0.0,0.0,1.0,1.0
373,1,58994493,1,1287.5,2,89000.0,1,1,71004,1.0,0.0,0.0,0.0,1.0
374,1,58998866,0,1287.5,2,126000.0,0,1,151000,173.20508080000002,0.0,0.0,0.0,1.0
375,1,58997183,1,1272.5,0,50000.0,1,2,60085,1.0,0.0,1.0,0.0,1.0
376,1,54991896,0,1328.0,0,150000.0,0,1,332414,1.0,0.0,0.0,1.0,1.0
377,1,58984645,1,1244.0,2,30000.0,1,1,60014,223.6067977,1.0,1.0,0.0,1.0
378,1,58998661,0,1211.0,2,71000.0,0,1,60073,264.5751311,1.0,1.0,0.0,1.0
379,1,58991594,1,1365.5,2,152000.0,1,1,60006,173.20508080000002,0.0,0.0,0.0,1.0
380,1,58989705,1,1311.5,2,105000.0,1,0,60043,187.08286930000003,0.0,0.0,0.0,1.0
381,1,58993220,1,1344.5,2,137000.0,1,1,72000,1.0,0.0,0.0,0.0,1.0
382,1,54982549,1,1326.5,2,30000.0,1,1,60005,1.0,0.0,1.0,0.0,1.0
383,0,58994740,1,1256.1793863739022,1,77000.0,1,0,510000,159.69971819999998,1.0,0.0,0.0,1.0
384,0,58994019,1,1278.549464146407,2,156000.0,1,1,450069,165.8312395,0.0,0.0,0.0,1.0
385,0,59000044,1,1267.3065181206116,1,51000.0,1,1,72015,170.29386369999995,0.0,1.0,0.0,1.0
386,0,59003535,0,1283.039897802531,1,139000.0,0,1,60036,1.0,0.0,0.0,0.0,1.0
387,0,54984616,1,1288.6878329822753,1,102000.0,1,1,350055,184.3908891,0.0,0.0,1.0,1.0
388,0,59004748,0,1274.689441052487,1,105000.0,0,1,60014,187.08286930000003,0.0,0.0,0.0,1.0
389,0,58991252,1,1264.9773299813573,2,108000.0,1,2,450006,158.11388300000002,1.0,0.0,0.0,1.0
390,0,58985785,1,1302.3117668009859,2,250000.0,1,2,450031,187.08286930000003,0.0,0.0,0.0,1.0
391,0,54988000,1,1296.0460383151915,1,180000.0,1,1,72001,167.33200530000002,0.0,0.0,0.0,1.0
392,0,58995669,1,1241.932692892352,2,35000.0,2,2,650070,161.8548733,1.0,1.0,0.0,1.0
393,0,58995289,1,1250.7464305173175,1,50000.0,1,1,450080,167.5649128,1.0,1.0,0.0,1.0
394,0,58987276,1,1251.7745178232506,2,50000.0,1,0,450080,194.9358869,1.0,1.0,0.0,1.0
395,0,59003965,0,1267.9443521297753,1,76000.0,0,0,60091,158.4077018,0.0,0.0,0.0,1.0
396,0,59000066,0,1314.609034700602,1,259000.0,0,1,72000,200.0,0.0,0.0,0.0,1.0
397,0,54989201,0,1267.216384599839,1,98000.0,0,1,72050,181.1435895,0.0,0.0,0.0,1.0
398,0,59001188,0,1264.2197330661973,1,69000.0,0,2,60048,166.0331292,1.0,1.0,0.0,1.0
399,0,59000457,0,1270.238023347762,1,90000.0,0,1,72001,188.9259114,0.0,0.0,0.0,1.0
400,0,54989018,0,1249.8703344564344,1,45000.0,0,1,151307,172.1307642,1.0,1.0,0.0,1.0
401,0,54990128,0,1270.0290610644224,1,105000.0,0,0,72000,187.0561413,0.0,0.0,0.0,1.0
402,0,54988614,1,1275.6864004886293,1,106000.0,1,2,60033,1.0,0.0,0.0,0.0,1.0
403,0,59004856,0,1273.117507970099,1,99000.0,0,1,60036,188.0664776,0.0,0.0,0.0,1.0
404,0,54989325,0,1253.4072037545789,1,49000.0,0,2,72001,180.7235458,1.0,1.0,0.0,1.0
405,0,58990826,1,1285.8791485757831,1,118000.0,1,0,72000,187.08286930000003,0.0,0.0,0.0,1.0
406,0,54987715,1,1267.81607922907,1,76000.0,1,2,60000,1.0,0.0,0.0,0.0,1.0
407,0,54984416,1,1341.1457946554622,1,35000.0,16,2,335534,105.9008971,0.0,1.0,1.0,1.0
408,0,58985627,1,1261.6055810260232,2,95000.0,1,2,450006,173.20508080000002,1.0,0.0,0.0,1.0
409,0,54983292,1,1278.809091184752,1,114000.0,1,1,72049,195.6910831,0.0,0.0,0.0,1.0
410,0,58991432,1,1296.9450375205743,1,117000.0,1,2,332720,1.0,0.0,0.0,1.0,1.0
411,0,54986879,1,1279.8071402215587,1,179000.0,1,1,450002,267.58176319999995,0.0,0.0,0.0,1.0
412,0,54983822,1,1274.0729344887595,2,94000.0,1,1,60057,193.6362569,0.0,0.0,0.0,1.0
413,1,59003162,0,1260.1988208658672,1,50000.0,0,1,60033,167.934511,1.0,1.0,0.0,1.0
414,1,59005268,0,1263.6896115544964,1,67000.0,0,2,60074,162.9232948,1.0,1.0,0.0,1.0
415,1,58983500,1,1266.5096112542328,1,45000.0,1,0,72000,118.6844556,0.0,1.0,0.0,1.0
416,1,54984978,1,1264.6852705832425,1,58000.0,1,1,60075,212.1320344,1.0,1.0,0.0,1.0
417,1,58995703,1,1258.830096462793,2,75000.0,1,0,450018,353.55339060000006,1.0,1.0,0.0,1.0
418,1,58997773,0,1254.9653726508543,1,45000.0,0,1,151300,173.20508080000002,1.0,1.0,0.0,1.0
419,1,54983561,1,1242.3069414891459,1,47000.0,1,1,510037,175.8266191,1.0,1.0,0.0,1.0
420,1,59004235,0,1286.6702684773343,1,150000.0,0,1,60018,244.7549795,0.0,0.0,0.0,1.0
421,1,54982721,1,1271.9200908229052,1,90000.0,1,1,72014,1.0,0.0,0.0,0.0,1.0
422,1,58993131,1,1285.6904078181492,1,120000.0,1,1,72000,265.3394053,0.0,0.0,0.0,1.0
423,1,54985358,1,1274.3032008846053,1,97000.0,1,1,72000,179.0809873,0.0,0.0,0.0,1.0
424,1,59000336,0,1362.624409443142,1,446000.0,0,2,60014,1.0,0.0,0.0,0.0,1.0
425,1,58985900,1,1278.722651478068,1,43000.0,1,0,361027,167.7885574,0.0,1.0,1.0,1.0
426,1,54991441,0,1259.7238767154208,1,66000.0,0,0,72002,162.44999230000002,1.0,1.0,0.0,1.0
427,1,54984634,1,1290.9870007515103,2,111000.0,1,1,350075,164.3167673,0.0,0.0,1.0,1.0
428,1,58990611,1,1273.706668267933,2,79000.0,1,2,72000,177.0028248,0.0,0.0,0.0,1.0
429,1,58997157,1,1276.8405277888098,1,91000.0,1,2,60074,1.0,0.0,0.0,0.0,1.0
430,1,58999328,0,1283.8553788828071,1,94000.0,0,2,340006,200.0,0.0,0.0,1.0,1.0
431,1,58991085,1,1278.8891603141633,1,93000.0,1,1,60000,189.2247341,0.0,0.0,0.0,1.0
432,1,58984653,1,1262.0335867793453,1,44000.0,1,1,151300,169.6113204,1.0,1.0,0.0,1.0
433,1,58999712,0,1263.5846209810454,1,63000.0,0,1,60000,160.77002209999998,1.0,1.0,0.0,1.0
434,1,59002226,0,1259.149704032444,1,48000.0,0,1,72000,165.37533069999998,1.0,1.0,0.0,1.0
435,1,54989207,0,1253.4488166356816,1,49000.0,0,2,71000,180.2803373,1.0,1.0,0.0,1.0
436,1,54990623,0,1253.022395743033,1,44000.0,0,1,72000,171.01461930000002,1.0,1.0,0.0,1.0
437,1,54988283,1,1264.7869659954104,1,70000.0,1,0,151304,187.08286930000003,1.0,1.0,0.0,1.0
438,1,58988697,1,1267.0647145316218,1,50000.0,1,1,72000,181.5543996,0.0,1.0,0.0,1.0
439,1,54989200,0,1254.7616055413168,1,60000.0,0,0,151300,172.3223723,1.0,1.0,0.0,1.0
440,1,54986851,1,1273.3563759732367,1,89000.0,1,0,72001,243.1666095,0.0,0.0,0.0,1.0
441,1,59004540,0,1255.4712435360993,1,34000.0,0,1,72049,163.29421299999998,1.0,1.0,0.0,1.0
442,1,59005881,0,1269.7668288679006,1,94000.0,0,2,72000,1.0,0.0,0.0,0.0,1.0
443,1,59000383,0,1255.923470338299,1,47000.0,0,0,151300,1.0,1.0,1.0,0.0,1.0
444,1,54988154,1,1275.881017188224,1,56000.0,1,1,366001,165.9307084,0.0,1.0,1.0,1.0
445,1,58995151,1,1271.815000512341,1,126000.0,1,0,450028,224.2676972,0.0,0.0,0.0,1.0
446,1,54986977,1,1269.5623883415412,1,77000.0,1,1,60000,174.93141509999998,0.0,0.0,0.0,1.0
447,1,54984241,1,1256.8102119668768,1,30000.0,1,1,72002,207.3644135,1.0,1.0,0.0,1.0
448,1,58992285,1,1267.7816768838097,1,56000.0,1,2,72001,212.1320344,0.0,1.0,0.0,1.0
449,1,58987200,1,1271.65672661335,1,126000.0,1,0,450058,176.0681686,0.0,0.0,0.0,1.0
